{
    "epoch": 0.9984,
    "total_flos": 3.266197608149811e+16,
    "train_loss": 1.5501657449282134,
    "train_runtime": 1692.1306,
    "train_samples": 5000,
    "train_samples_per_second": 2.955,
    "train_steps_per_second": 0.184
}